,,title,url,pid,formatted_url,price,currency,original_price,discount,f_assured,highlights,seller,seller_rating,description,specifications,formatted_specifications,images,return_policy,category,sub_category_1,sub_category_2,sub_category_3,breadcrumbs,country_of_origin,generic_name,manufactured_by,avg_ratings,reviews_count,ratings_count,uniq_id,scraped_at
0,4,True Knitman,https://www.flipkart.com/hi/true-knitman-boys-girls-solid-cotton-blend-t-shirt/p/itmac586629fab83,itmac586629fab83,https://www.flipkart.com/product/p/itmac586629fab83,327,INR,₹499,34% off,False,,SHREYANS TRADING COMPANY,3.2,,[],,https://rukminim2.flixcart.com/image/xif0q/kids-t-shirt/7/g/1/8-9-years-ktms3735-true-knitman-original-imaggd44zyzvktn4.jpeg | https://rukminim2.flixcart.com/image/xif0q/kids-t-shirt/k/d/8/6-7-years-ktms824-true-knitman-original-imaggd2j7cnfsstb.jpeg,10 दिन की रिटर्न पॉलिसी,Clothing and Accessories,Topwear,T-shirts,Kids' T-shirts,Clothing and Accessories | Topwear | T-shirts | Kids' T-shirts | True Knitman Kids' T-shirts,,,,0,0,0,026994a7-c408-54ef-9032-50a80297055a,01/01/24
1,10,SGHE OKAY,https://www.flipkart.com/hi/sghe-okay-women-camisole/p/itme227b5f12eb65,itme227b5f12eb65,https://www.flipkart.com/product/p/itme227b5f12eb65,199,INR,₹399,50% off,False,,SG-OKAY,3.2,,[],,https://rukminim2.flixcart.com/image/kgy0sy80/top/8/y/y/l-tang-top-brown-38-40-42-sghe-okay-original-imafx2cr9n3q7n2d.jpeg | https://rukminim2.flixcart.com/image/kgy0sy80/top/8/y/y/l-tang-top-brown-38-40-42-sghe-okay-original-imafx2crdqfmhr7f.jpeg | https://rukminim2.flixcart.com/image/kgy0sy80/top/8/y/y/l-tang-top-brown-38-40-42-sghe-okay-original-imafx2crwwkftb5r.jpeg,10 दिन की रिटर्न पॉलिसी,Clothing and Accessories,Innerwear and Swimwear,Camisoles and Slips,Women's Camisoles and Slips,Clothing and Accessories | Innerwear and Swimwear | Camisoles and Slips | Women's Camisoles and Slips | SGHE OKAY Women's Camisoles and Slips,,,,0,0,0,d96fae0b-adcd-5b8a-8f79-aa112aab83b2,01/01/24
2,33,Women Night Dress  (Red),https://www.flipkart.com/women-night-dress/p/itmb2eb386947377,itmb2eb386947377,https://www.flipkart.com/product/p/itmb2eb386947377,"1,299",INR,"₹1,998",34% off,False,,CLAASIC ART,3.8,"This printed nightgown has closure in front, half sleeves & lace details on Round Neck. Feel cozy & comfortable with this Cotton Night Gown from Be You. This printed nightgown has concealed zip closure in front, half sleeves & lace details on Round Neck.","[{'Color Code': 'Red'}, {'Style Code': 'CA-930-929-COM2-713LR-712P-GOWN-127'}, {'Size': 'XXL'}, {'Fabric': 'Cotton Blend'}, {'Neck': 'Round Neck'}, {'Fabric Care': 'Regular Machine Wash'}, {'Pattern': 'Printed'}, {'Net Quantity': '2'}, {'Bust Size': '36'}, {'Sales Package': '2'}, {'Pack of': '2'}]",Red: Color Code | CA-930-929-COM2-713LR-712P-GOWN-127: Style Code | XXL: Size | Cotton Blend: Fabric | Round Neck: Neck | Regular Machine Wash: Fabric Care | Printed: Pattern | 2: Net Quantity | 36: Bust Size | 2: Sales Package | 2: Pack of,,3 Days Return Policy,Clothing and Accessories,Sleepwear,Night Dresses and Nighties,Women's Night Dresses and Nighties,Clothing and Accessories | Sleepwear | Night Dresses and Nighties | Women's Night Dresses and Nighties | CLASSIC Women's Night Dresses and Nighties,India,,CLASSIC ART,0,0,0,2b313aaf-24a8-5021-a9da-1a3bb4519514,01/01/24
3,37,PARX,https://www.flipkart.com/hi/parx-full-sleeve-solid-men-jacket/p/itma4e6a42b369ea,itma4e6a42b369ea,https://www.flipkart.com/product/p/itma4e6a42b369ea,"2,499",INR,"₹4,999",50% off,True,,RaymondLimited,4.3,,[],,https://rukminim2.flixcart.com/image/xif0q/jacket/r/g/s/42-1-no-xmoc00984-b2-parx-original-imagmdcb95cwby67.jpeg | https://rukminim2.flixcart.com/image/xif0q/jacket/o/o/y/42-1-no-xmoc00984-b2-parx-original-imagmdcbyrgx64y2.jpeg | https://rukminim2.flixcart.com/image/xif0q/jacket/t/o/u/42-1-no-xmoc00984-b2-parx-original-imagmdcb4m7gcphg.jpeg | https://rukminim2.flixcart.com/image/xif0q/jacket/o/a/7/42-1-no-xmoc00984-b2-parx-original-imagmdcbrzyym6zz.jpeg | https://rukminim2.flixcart.com/image/xif0q/jacket/m/c/f/42-1-no-xmoc00984-b2-parx-original-imagmdcbg7peuyg5.jpeg,10 दिन की रिटर्न पॉलिसी,Clothing and Accessories,Winter Wear,Jackets,Men's Jackets,Clothing and Accessories | Winter Wear | Jackets | Men's Jackets | PARX Men's Jackets,,,,0,0,0,80d60d1f-960a-5513-8a6c-f3d25a8d4cda,01/01/24
4,48,First Krush,https://www.flipkart.com/hi/first-krush-men-checkered-formal-multicolor-shirt/p/itm2fc4d795169b1,itm2fc4d795169b1,https://www.flipkart.com/product/p/itm2fc4d795169b1,999,INR,"₹2,499",60% off,True,,R S KNITWEARS,4.5,,[],,https://rukminim2.flixcart.com/image/xif0q/shirt/n/l/9/m-po2-ms48-first-krush-original-imagp6hnfazbgsrs.jpeg | https://rukminim2.flixcart.com/image/xif0q/shirt/8/t/y/l-ms7-c-first-krush-original-imagzg2szmuskhet.jpeg | https://rukminim2.flixcart.com/image/xif0q/shirt/4/k/m/m-po2-ms61-first-krush-original-imagp6hnmz3u2egd.jpeg | https://rukminim2.flixcart.com/image/xif0q/shirt/5/a/d/l-ms7-c-first-krush-original-imagzg2scwrrw9mv.jpeg | https://rukminim2.flixcart.com/image/xif0q/shirt/p/d/d/l-po2-ms61-first-krush-original-imagp6hnz2bfsrr2.jpeg | https://rukminim2.flixcart.com/image/xif0q/shirt/i/u/f/l-ms7-c-first-krush-original-imagzg2sfyyfvuty.jpeg | https://rukminim2.flixcart.com/image/xif0q/shirt/e/o/b/m-po2-ms61-first-krush-original-imagp6hnm4tvwb44.jpeg,10 दिन की रिटर्न पॉलिसी,Clothing and Accessories,Topwear,Shirts,Men's Shirts,Clothing and Accessories | Topwear | Shirts | Men's Shirts | Formal Shirts | First Krush Formal Shirts,,,,0,0,0,e7eb1e30-af82-53c3-8db9-2fb863f811d1,01/01/24
5,66,Exoctic Silver,https://www.flipkart.com/hi/exoctic-silver-printed-men-round-neck-red-t-shirt/p/itm32d7058c337dc,itm32d7058c337dc,https://www.flipkart.com/product/p/itm32d7058c337dc,499,INR,₹999,50% off,True,,Exocticaa,4,,[],,https://rukminim2.flixcart.com/image/jyrl4sw0/t-shirt/j/b/d/m-giridari-nts26v1450-exoctic-silver-original-imafgqygtjbcqnrn.jpeg | https://rukminim2.flixcart.com/image/k15bjww0/t-shirt/s/6/f/xl-avanti-nts36v0518-exocticaa-original-imafgpfffv37wzf3.jpeg,10 दिन की रिटर्न पॉलिसी,Clothing and Accessories,Topwear,T-shirts,Men's T-shirts,Clothing and Accessories | Topwear | T-shirts | Men's T-shirts | Exoctic Silver Men's T-shirts,,,,0,0,0,419141dc-be79-5530-91bd-7a33b0e58cb0,01/01/24
6,76,Humaiira Fashions,https://www.flipkart.com/hi/humaiira-fashions-girls-casual-cotton-blend-top/p/itm6e676f2e32cf7,itm6e676f2e32cf7,https://www.flipkart.com/product/p/itm6e676f2e32cf7,241,INR,₹600,59% off,False,,SARK PRODUCTION ,3.8,,[],,https://rukminim2.flixcart.com/image/xif0q/kids-top/n/n/m/7-8-years-yellow-7-8-m-humaiira-fashions-original-imagnbtejda6yyjk.jpeg | https://rukminim2.flixcart.com/image/xif0q/kids-top/p/n/i/8-9-years-top1-yellow-8-9-humaiira-fashion-original-imagj9g3zxhky9rk.jpeg | https://rukminim2.flixcart.com/image/xif0q/kids-top/u/n/c/5-6-years-yellow-5-6-s-humaiira-fashions-original-imaghahfgyaws5af.jpeg,10 Days Return Policy,Clothing and Accessories,Topwear,Tops,Kids' Tops,Clothing and Accessories | Topwear | Tops | Kids' Tops | Humaiira Fashions Kids' Tops,,,,3.7,0,7,a4f47156-b974-5bc8-baf9-6078362f7fe2,01/01/24
7,99,YTM,https://www.flipkart.com/ytm-women-hipster-multicolor-panty/p/itm21848a5d736bf,itm21848a5d736bf,https://www.flipkart.com/product/p/itm21848a5d736bf,304,INR,₹999,69% off,False,,Lemontree,3.2,,[],,https://rukminim2.flixcart.com/image/kckud8w0/panty/n/3/4/85-plan-panty-c-26-85-adp-enterprise-original-imaftzmmzmpjzgga.jpeg | https://rukminim2.flixcart.com/image/khwbde80-0/panty/p/1/i/80-plain-panties-1665-nyrwana-original-imafxtgfsfquauym.jpeg | https://rukminim2.flixcart.com/image/keg02a80/panty/n/2/n/80-leaf-panty-c-24-80-krd-enterprise-original-imafv4tbfgpjcy4v.jpeg,No Returns Applicable,Clothing and Accessories,Innerwear and Swimwear,Panties,Women's Panties,Clothing and Accessories | Innerwear and Swimwear | Panties | Women's Panties | YTM Women's Panties,India,Panties,Aakash Trading,0,0,0,2ed32736-6544-52b2-aec3-5b4152b4ed6e,01/01/24
8,100,Kryptar Cotton Men Boxer  (Pack of 1),https://www.flipkart.com/kryptar-cotton-men-boxer/p/itm0e84f0ec98912,itm0e84f0ec98912,https://www.flipkart.com/product/p/itm0e84f0ec98912,228,INR,₹499,54% off,False,,KRYPTAR,2.9,,[],,https://rukminim2.flixcart.com/image/kv8fbm80/boxer/q/m/x/l-akaas-dot-blue-boxer-l-kryptar-original-imag86gwquxxw4xq.jpeg | https://rukminim2.flixcart.com/image/kv8fbm80/boxer/b/t/h/l-akaas-dot-blue-boxer-l-kryptar-original-imag86gwy2rxsu9d.jpeg | https://rukminim2.flixcart.com/image/kv8fbm80/boxer/g/p/v/l-akaas-dot-blue-boxer-l-kryptar-original-imag86gwywgggxfu.jpeg | https://rukminim2.flixcart.com/image/kv8fbm80/boxer/l/p/7/l-akaas-dot-blue-boxer-l-kryptar-original-imag86gw4gf6fqgf.jpeg,No Returns Applicable,Clothing and Accessories,Innerwear and Swimwear,Boxers,Men's Boxers,Clothing and Accessories | Innerwear and Swimwear | Boxers | Men's Boxers | Kryptar Men's Boxers,India,Shopsy Boxer,,0,0,0,ec77c770-7ade-577a-a768-ac8ac70bae58,01/01/24
9,124,ATHENA,https://www.flipkart.com/athena-casual-cuffed-sleeve-floral-print-women-white-top/p/itm45ac026e5e75a,itm45ac026e5e75a,https://www.flipkart.com/product/p/itm45ac026e5e75a,"1,102",INR,"₹1,399",21% off,False,,ATHENA,3.3,,[],,https://rukminim2.flixcart.com/image/jyrl4sw0/top/w/z/v/xxl-atp-2959xxl-athena-original-imafgxsbgfeh25tq.jpeg | https://rukminim2.flixcart.com/image/jyrl4sw0/top/w/z/v/xxl-atp-2959xxl-athena-original-imafgxsb8c9qhwqr.jpeg | https://rukminim2.flixcart.com/image/jyrl4sw0/top/w/z/v/xxl-atp-2959xxl-athena-original-imafgxsbnzzwgm2w.jpeg | https://rukminim2.flixcart.com/image/jyrl4sw0/top/w/z/v/xxl-atp-2959xxl-athena-original-imafgxsb7gwgfmn6.jpeg,10 Days Return Policy,Clothing and Accessories,Topwear,Tops,Women's Tops,Clothing and Accessories | Topwear | Tops | Women's Tops | ATHENA Women's Tops,India,Tops,,1,0,3,d2d3d257-a5a6-5575-9bd7-1939a93dfeae,01/01/24
10,125,fashion Galaxy,https://www.flipkart.com/hi/fashion-galaxy-self-design-women-round-neck-green-t-shirt/p/itm5e4111f0e1be8,itm5e4111f0e1be8,https://www.flipkart.com/product/p/itm5e4111f0e1be8,336,INR,₹999,66% off,False,,fashiongalaxy10,3.3,,[],,https://rukminim2.flixcart.com/image/krgohow0/t-shirt/b/g/x/s-fgtsh04-fashion-galaxy-original-imag59fgg6crq8mv.jpeg | https://rukminim2.flixcart.com/image/krgohow0/t-shirt/a/6/l/s-fgtsh04-fashion-galaxy-original-imag59fgruczz6dg.jpeg | https://rukminim2.flixcart.com/image/krgohow0/t-shirt/v/m/k/s-fgtsh04-fashion-galaxy-original-imag59fghmbmjmna.jpeg | https://rukminim2.flixcart.com/image/krgohow0/t-shirt/l/t/r/xs-fgtsh04-fashion-galaxy-original-imag59fgbhdrtzmf.jpeg | https://rukminim2.flixcart.com/image/krgohow0/t-shirt/j/a/p/s-fgtsh04-fashion-galaxy-original-imag59fgpzqde8c6.jpeg,10 दिन की रिटर्न पॉलिसी,Clothing and Accessories,Topwear,T-shirts,Women's T-shirts,Clothing and Accessories | Topwear | T-shirts | Women's T-shirts | fashion Galaxy Women's T-shirts,,,,0,0,0,349a7e2e-7410-5607-bc03-6a0ac7654ed5,01/01/24
11,133,Printed Men Maroon T-Shirt,https://www.flipkart.com/printed-men-maroon-t-shirt/p/itm2c182fd82490a,itm2c182fd82490a,https://www.flipkart.com/product/p/itm2c182fd82490a,325,INR,₹999,67% off,False,,Vyakaar Collection,3.5,,"[{'Color': 'Maroon'}, {'Type': 'Round Neck'}, {'Sleeve': 'Half Sleeve'}, {'Fit': 'Regular'}, {'Fabric': 'Poly Cotton'}, {'Style Code': 'MW232'}, {'Neck Type': 'Round Neck'}, {'Ideal For': 'Men'}, {'Size': 'L'}, {'Pattern': 'Printed'}, {'Suitable For': 'Western Wear'}, {'Fabric Care': 'Hand wash'}, {'Net Quantity': '1'}, {'Pack of': '1'}, {'Sales Package': '1 T-Shirt'}]",Maroon: Color | Round Neck: Type | Half Sleeve: Sleeve | Regular: Fit | Poly Cotton: Fabric | MW232: Style Code | Round Neck: Neck Type | Men: Ideal For | L: Size | Printed: Pattern | Western Wear: Suitable For | Hand wash: Fabric Care | 1: Net Quantity | 1: Pack of | 1 T-Shirt: Sales Package,https://rukminim2.flixcart.com/image/l4yi7bk0/t-shirt/s/k/c/m-mw232-m-mapon-fashion-original-imagfqqmywzw9hgj.jpeg | https://rukminim2.flixcart.com/image/l4iscy80/t-shirt/q/c/t/l-mw101-m-mapon-fashion-original-imagfegbjf3yzu36.jpeg,3 Days Return Policy,Clothing and Accessories,Topwear,T-shirts,Men's T-shirts,Clothing and Accessories | Topwear | T-shirts | Men's T-shirts | M Mapon Fashion Men's T-shirts,India,Shopsy T-Shirt,,0,0,0,543babf1-8909-5cb9-97a0-7496d4fc38a4,01/01/24
12,140,CEMIRA,https://www.flipkart.com/hi/cemira-round-neck-women-blouse/p/itm30e52117f5959,itm30e52117f5959,https://www.flipkart.com/product/p/itm30e52117f5959,643,INR,₹999,35% off,True,,HitarthFashion,3.9,,[],,https://rukminim2.flixcart.com/image/l3rmzrk0/blouse/g/b/g/free-sfb153-pk-free-yoella-original-imagetgbhuzpfnrd.jpeg | https://rukminim2.flixcart.com/image/l3rmzrk0/blouse/5/w/k/free-sfb153-pk-free-yoella-original-imagetgbbatebqtc.jpeg | https://rukminim2.flixcart.com/image/l3rmzrk0/blouse/2/n/6/free-sfb153-pk-free-yoella-original-imagetgbraechnrf.jpeg,10 दिन की रिटर्न पॉलिसी,Clothing and Accessories,Sarees and Saree Essentials,Blouses,Woman's Blouse,Clothing and Accessories | Sarees and Saree Essentials | Blouses | Woman's Blouse | CEMIRA Woman's Blouse,,,,0,0,0,dd4f3c38-380b-52c4-9691-5766b24162d3,01/01/24
13,142,FASHION GRAB,https://www.flipkart.com/fashion-grab-boys-festive-party-kurta-pyjama-set/p/itma6d7976e6540e,itma6d7976e6540e,https://www.flipkart.com/product/p/itma6d7976e6540e,792,INR,"₹2,999",73% off,True,,FASHION GRAB,3.8,,[],,https://rukminim2.flixcart.com/image/kialrww0-0/kids-ethnic-set/k/m/y/9-10-years-5253-sky-blue-xboyz-original-imafy4dechrdtm8y.jpeg | https://rukminim2.flixcart.com/image/kialrww0-0/kids-ethnic-set/u/g/j/9-10-years-5253-sky-blue-xboyz-original-imafy4dehs64gwgj.jpeg,10 Days Return Policy,Clothing and Accessories,"Kurtas, Ethnic Sets and Bottoms",Ethnic Sets,Kids' Ethnic Sets,"Clothing and Accessories | Kurtas, Ethnic Sets and Bottoms | Ethnic Sets | Kids' Ethnic Sets | FASHION GRAB Kids' Ethnic Sets",India,Kids Ethnic Set,,0,0,0,2ce6a476-9a3c-5a46-b4f0-8141e7b278b4,01/01/24
14,186,ZULX,https://www.flipkart.com/hi/zulx-solid-men-round-neck-red-blue-t-shirt/p/itm3a7382fd92a8c,itm3a7382fd92a8c,https://www.flipkart.com/product/p/itm3a7382fd92a8c,451,INR,₹999,54% off,False,,ZULXWEAR,,,[],,,10 दिन की रिटर्न पॉलिसी,Clothing and Accessories,Topwear,T-shirts,Men's T-shirts,Clothing and Accessories | Topwear | T-shirts | Men's T-shirts | ZULX Men's T-shirts,,,,0,0,0,7bf59277-66fe-5c9d-a300-0e33582ca17d,01/01/24
15,189,Solid Daily Wear Cotton Blend Saree  (Green),https://www.flipkart.com/bfashion-solid-daily-wear-cotton-blend-saree/p/itm633eccf4944cb,itm633eccf4944cb,https://www.flipkart.com/product/p/itm633eccf4944cb,499,INR,"₹1,999",75% off,False,,BFashion,3.5,,"[{'Style Code': 'Cobra_Grey'}, {'Pattern': 'Solid'}, {'Pack of': '1'}, {'Occasion': 'Casual'}, {'Fabric Care': 'Hand Wash'}, {'Fabric': 'Cotton Blend'}, {'Type': 'Daily Wear'}, {'Blouse Piece': 'Unstitched'}, {'Sari Style': 'Regular Sari'}, {'Net Quantity': '1'}, {'Sari Length': '5.5m'}, {'Blouse Piece Length': '1 m'}]",Cobra_Grey: Style Code | Solid: Pattern | 1: Pack of | Casual: Occasion | Hand Wash: Fabric Care | Cotton Blend: Fabric | Daily Wear: Type | Unstitched: Blouse Piece | Regular Sari: Sari Style | 1: Net Quantity | 5.5m: Sari Length | 1 m: Blouse Piece Length,,3 Days Replacement Policy,Clothing and Accessories,Sarees and Saree Essentials,Sarees,Women's Sarees,Clothing and Accessories | Sarees and Saree Essentials | Sarees | Women's Sarees | Bfashion Women's Sarees,India,Shopsy Saree,Bfashion Surat,0,0,0,0bcbad1e-6151-54a7-a8ad-5cd35edaa075,01/01/24
16,211,FashneAttire,https://www.flipkart.com/fashneattire-casual-printed-women-pink-top/p/itm482db3388932c,itm482db3388932c,https://www.flipkart.com/product/p/itm482db3388932c,467,INR,"₹1,299",64% off,True,,Fashionistan,4.1,,[],,https://rukminim2.flixcart.com/image/kziqvm80/top/9/q/r/s-ort1007-frionkandy-original-imagbgk3zghyjczj.jpeg | https://rukminim2.flixcart.com/image/kziqvm80/top/9/i/i/s-ort1007-frionkandy-original-imagbgk3xmk3amxw.jpeg | https://rukminim2.flixcart.com/image/kziqvm80/top/v/q/s/s-ort1007-frionkandy-original-imagbgk3gdjzea2n.jpeg | https://rukminim2.flixcart.com/image/kziqvm80/top/h/0/z/xl-ort1007-urbanera-original-imagbgk57aqw4ec9.jpeg | https://rukminim2.flixcart.com/image/kziqvm80/top/c/w/5/s-ort1007-frionkandy-original-imagbgk3r9nmczs5.jpeg | https://rukminim2.flixcart.com/image/kziqvm80/top/v/v/5/s-ort1007-frionkandy-original-imagbgk3yhvyygzd.jpeg,10 Days Return Policy,Clothing and Accessories,Topwear,Tops,Women's Tops,Clothing and Accessories | Topwear | Tops | Women's Tops | FashneAttire Women's Tops,India,Tops,,0,0,0,619e0f45-0990-5001-b85d-16babb0d6906,01/01/24
17,228,KAYU,https://www.flipkart.com/kayu-girls-printed-pure-cotton-t-shirt/p/itm9f9b744d88f02,itm9f9b744d88f02,https://www.flipkart.com/product/p/itm9f9b744d88f02,475,INR,₹899,47% off,True,,KAYU,3.5,,[],,https://rukminim2.flixcart.com/image/kv6zvrk0/kids-t-shirt/o/s/z/6-7-years-10200-303305-iw-kk-p2-m1-indiweaves-original-imag859mvrz3eeyz.jpeg | https://rukminim2.flixcart.com/image/kv6zvrk0/kids-t-shirt/m/6/d/12-13-years-10200-301302303304305-iw-kk-p5-xxl1-indiweaves-original-imag859mta9sfyfp.jpeg | https://rukminim2.flixcart.com/image/kv6zvrk0/kids-t-shirt/q/0/l/7-8-years-10200-305307-iw-kk-p2-l-indiweaves-original-imag859h6ybwhytp.jpeg | https://rukminim2.flixcart.com/image/kv6zvrk0/kids-t-shirt/p/g/o/15-16-years-10200-301305-iw-kk-p2-xxxl1-indiweaves-original-imag859hpys76ffm.jpeg,10 Days Return Policy,Clothing and Accessories,Topwear,T-shirts,Kids' T-shirts,Clothing and Accessories | Topwear | T-shirts | Kids' T-shirts | KAYU Kids' T-shirts,India,Kids T Shirts,IndiWeaves,0,0,0,5b769a8a-e039-518f-bd22-f4f6563c2c63,01/01/24
18,235,DIAZ Boys & Girls Bloomer,https://www.flipkart.com/diaz-boys-girls-bloomer/p/itm13e5a191358ee,itm13e5a191358ee,https://www.flipkart.com/product/p/itm13e5a191358ee,429,INR,"₹1,099",60% off,True,,VihaanInc,3.5,,[],,https://rukminim2.flixcart.com/image/kqqykcw0/bloomer-drawer/p/k/x/2-3-years-bloomer33-co5-12-117-diaz-original-imag4zz5zsbyusj5.jpeg | https://rukminim2.flixcart.com/image/kk8mcnk0/bloomer-drawer/a/c/p/3-4-years-bloomer33-co6-18-84-myo-original-imafzmsjpmmecyyz.jpeg | https://rukminim2.flixcart.com/image/kk8mcnk0/bloomer-drawer/m/u/k/2-3-years-bloomer33-co6-12-47-myo-original-imafzmsjwtrwgwyp.jpeg,No Returns Applicable,Clothing and Accessories,Innerwear and Swimwear,Kids' Bloomers,DIAZ Kids' Bloomers,Clothing and Accessories | Innerwear and Swimwear | Kids' Bloomers | DIAZ Kids' Bloomers,India,Bloomer & Drawers,,5,0,3,0cfb70c9-efd0-5698-83e0-17cf4c1079a8,01/01/24
19,261,Wonder World,https://www.flipkart.com/wonder-world-men-women-shapewear/p/itmfc30d278e24c2,itmfc30d278e24c2,https://www.flipkart.com/product/p/itmfc30d278e24c2,419,INR,₹799,47% off,True,,iShaper,3.9,,[],,https://rukminim2.flixcart.com/image/ke7ff680/shapewear/u/m/m/m-vxi-52-thigh-slimmer-wraps-trendzino-original-imafuxtmw7ubzmhj.jpeg | https://rukminim2.flixcart.com/image/ke7ff680/shapewear/z/t/k/m-xxx-57-thigh-slimmer-wraps-dermeida-original-imafuxg8bfzfvg73.jpeg | https://rukminim2.flixcart.com/image/ke7ff680/shapewear/z/t/k/m-xxx-57-thigh-slimmer-wraps-dermeida-original-imafuxb5hyyhtkqu.jpeg | https://rukminim2.flixcart.com/image/ke7ff680/vest/y/s/j/xl-shp-39-compression-shirts-for-men-comfort-layer-original-imafux82tx2g9yeu.jpeg | https://rukminim2.flixcart.com/image/ke7ff680/shapewear/z/k/2/free-arx-25-thigh-slimmer-wraps-dermeida-original-imafux9q5f4hrnmg.jpeg,No Returns Applicable,Clothing and Accessories,Innerwear and Swimwear,Shapewears,Women's Shapewears,Clothing and Accessories | Innerwear and Swimwear | Shapewears | Women's Shapewears | Wonder World Women's Shapewears,India,Shapewears,Indiana Shaper,0,0,0,25ff0903-7446-5156-8513-6e0ad22130c2,01/01/24
20,262,"श्री ठुलम गैलरी White Border Dhoti for men cotton, kerala traditional color mundu पुरुषों के लिए सॉलिड धोती",https://www.flipkart.com/hi/sri-thulam-gallery-white-border-dhoti-men-cotton-kerala-traditional-color-mundu-solid/p/itm13e9bb17d5e11,itm13e9bb17d5e11,https://www.flipkart.com/product/p/itm13e9bb17d5e11,360,INR,₹420,14% off,False,रंग: काला | लिंग: पुरुष | कपड़ा: कॉटन ब्लेंड | पैटर्न: सॉलिड,SRITHULAMGALLERY,3.2,"100% प्योर कॉटन हैंड लूम मल्टी कलर सफेद बॉर्डर धोती। कंटेंट्स: एक प्योर कॉटन फ्री साइज सफेद कलर बॉर्डर मुंडू (धोती) वॉश केयर इंस्ट्रक्शंस: ड्राई वॉश, सीधे गर्म धूप में न सुखाएं।","[{'Ideal For': 'Men'}, {'Pattern': 'Solid'}, {'Type': 'Unstitched Dhoti with Border'}, {'Fabric': 'Cotton Blend'}, {'Number of Contents in Sales Package': 'Pack of 1'}, {'Style Code': 'STG-WBDBK'}]",Men: Ideal For | Solid: Pattern | Unstitched Dhoti with Border: Type | Cotton Blend: Fabric | Pack of 1: Number of Contents in Sales Package | STG-WBDBK: Style Code,https://rukminim2.flixcart.com/image/kj36ky80-0/dhoti/z/y/y/free-stg-wbdbk-sri-thulam-gallery-original-imafyqkzg27vy55v.jpeg | https://rukminim2.flixcart.com/image/kj36ky80-0/dhoti/c/g/r/free-stg-wbdbk-sri-thulam-gallery-original-imafyqkzehpqkgpm.jpeg,10 दिन की रिटर्न पॉलिसी,Clothing and Accessories,"Kurtas, Ethnic Sets and Bottoms",Dhotis,SRI THULAM GALLERY Dhotis,"Clothing and Accessories | Kurtas, Ethnic Sets and Bottoms | Dhotis | SRI THULAM GALLERY Dhotis",,,,3.3,0,3,b1169475-ab51-565f-9e17-b47fb07190af,01/01/24
21,264,IndiWeaves,https://www.flipkart.com/hi/indiweaves-solid-men-multicolor-track-pants/p/itmb60468a77e30f,itmb60468a77e30f,https://www.flipkart.com/product/p/itmb60468a77e30f,"1,149",INR,"₹2,299",50% off,True,,IndiWeaves,3.5,,[],,https://rukminim2.flixcart.com/image/xif0q/track-pant/c/c/i/42-70500-6571-iw-kk-p2-indiweaves-original-imagj4sqafdzdfww.jpeg | https://rukminim2.flixcart.com/image/xif0q/track-pant/a/r/j/40-70500-657071-iw-kk-p3-indiweaves-original-imagj4sqvvzuhyu9.jpeg | https://rukminim2.flixcart.com/image/xif0q/track-pant/w/v/p/40-70500-657071-iw-kk-p3-indiweaves-original-imagj4sqyudawgp2.jpeg | https://rukminim2.flixcart.com/image/xif0q/track-pant/i/j/q/40-70500-657071-iw-kk-p3-indiweaves-original-imagj4sqvuzudvg4.jpeg | https://rukminim2.flixcart.com/image/xif0q/track-pant/b/q/t/40-70500-657071-iw-kk-p3-indiweaves-original-imagj4sqc49gbhyz.jpeg,10 दिन की रिटर्न पॉलिसी,Clothing and Accessories,Bottomwear,Track Pants,Men's Track Pants,Clothing and Accessories | Bottomwear | Track Pants | Men's Track Pants | IndiWeaves Men's Track Pants,,,,0,0,0,6de11bc4-6824-55ea-a89f-616f3f7abdb6,01/01/24
22,271,YUVORA,https://www.flipkart.com/hi/yuvora-boys-typography-cotton-blend-t-shirt/p/itm3ae8597567b2f,itm3ae8597567b2f,https://www.flipkart.com/product/p/itm3ae8597567b2f,499,INR,"₹1,999",75% off,False,,Yuvora1,4.2,,[],,https://rukminim2.flixcart.com/image/l3lx8cw0/kids-t-shirt/b/u/w/1-2-years-buphstdgr-18-yuvora-original-imagezzefx2zhdzg.jpeg | https://rukminim2.flixcart.com/image/l3lx8cw0/kids-t-shirt/y/s/s/1-2-years-buphstdgr-18-yuvora-original-imagezzestywuwqy.jpeg | https://rukminim2.flixcart.com/image/l3lx8cw0/kids-t-shirt/w/b/c/1-2-years-buphstdgr-18-yuvora-original-imagezzefhyy5k5b.jpeg | https://rukminim2.flixcart.com/image/l3lx8cw0/kids-t-shirt/w/p/r/2-3-years-buphstdgr-20-yuvora-original-imagezzq3gjbgfps.jpeg | https://rukminim2.flixcart.com/image/l3lx8cw0/kids-t-shirt/x/i/1/1-2-years-buphstdgr-18-yuvora-original-imagezzeaw5hjquk.jpeg,10 दिन की रिटर्न पॉलिसी,Clothing and Accessories,Topwear,T-shirts,Kids' T-shirts,Clothing and Accessories | Topwear | T-shirts | Kids' T-shirts | YUVORA Kids' T-shirts,,,,0,0,0,038aa74a-dfeb-56d1-8e9b-3c9ebebcd8bc,01/01/24
23,295,vansh creation,https://www.flipkart.com/hi/vansh-creation-baby-girls-lehenga-choli-western-wear-ethnic-party-wear-embroidered-lehenga-dupatta-set/p/itme5d25d102d9d9,itme5d25d102d9d9,https://www.flipkart.com/product/p/itme5d25d102d9d9,359,INR,₹999,64% off,True,,VANSHVCREATION,3.7,,[],,https://rukminim2.flixcart.com/image/kwl0akw0/kids-lehenga-choli/t/c/x/3-4-years-nisha-style-vansh-creation-original-imag988jpkddpdmv.jpeg | https://rukminim2.flixcart.com/image/kwl0akw0/kids-lehenga-choli/f/m/n/3-4-years-nisha-style-vansh-creation-original-imag988jfgtzgpfu.jpeg | https://rukminim2.flixcart.com/image/kwl0akw0/kids-lehenga-choli/e/k/5/3-4-years-nisha-style-vansh-creation-original-imag988j6frgghef.jpeg,10 दिन की रिटर्न पॉलिसी,Clothing and Accessories,Lehenga Cholis,Kids' Lehenga Cholis,vansh creation Kids' Lehenga Cholis,Clothing and Accessories | Lehenga Cholis | Kids' Lehenga Cholis | vansh creation Kids' Lehenga Cholis,,,,4,0,3,a9708816-ffe7-5291-9278-87f806d3a7a7,01/01/24
24,316,Ansh Fashion Wear,https://www.flipkart.com/hi/ansh-fashion-wear-graphic-print-men-round-neck-white-grey-t-shirt/p/itm73c43135173d0,itm73c43135173d0,https://www.flipkart.com/product/p/itm73c43135173d0,387,INR,₹899,56% off,False,,ANSH2015,,,[],,https://rukminim2.flixcart.com/image/xif0q/shopsy-t-shirt/r/g/z/xl-sp-2fulldp-37w-39gry-ansh-fashion-wear-original-imagk4gwtmm5sgkz.jpeg | https://rukminim2.flixcart.com/image/xif0q/shopsy-t-shirt/6/i/e/xxl-sp-2fulldp-37w-38rbl-ansh-fashion-wear-original-imagjs7q69cjzwvp.jpeg | https://rukminim2.flixcart.com/image/xif0q/shopsy-t-shirt/v/m/l/xxl-sp-2fulldp-37w-38rbl-ansh-fashion-wear-original-imagyh5eay5gea4w.jpeg,10 दिन की रिटर्न पॉलिसी,Clothing and Accessories,Topwear,T-shirts,Men's T-shirts,Clothing and Accessories | Topwear | T-shirts | Men's T-shirts | Ansh Fashion Wear Men's T-shirts,,,,0,0,0,9c8cf960-3564-5c07-a273-810037aa107d,01/01/24
25,323,NITYANAND CREATIONS,https://www.flipkart.com/hi/nityanand-creations-graphic-print-men-round-neck-white-t-shirt/p/itm895e19b535bca,itm895e19b535bca,https://www.flipkart.com/product/p/itm895e19b535bca,299,INR,₹799,62% off,True,,PINNENT,4.2,,[],,https://rukminim2.flixcart.com/image/l2hwwi80/t-shirt/i/k/1/s-pe-1101445-s-nityanand-creations-original-imagdu3huusbg6tq.jpeg | https://rukminim2.flixcart.com/image/kcjexe80-0/t-shirt/f/k/v/xl-1380-nityanand-creations-original-imaftn6zhwthpgnx.jpeg,10 दिन की रिटर्न पॉलिसी,Clothing and Accessories,Topwear,T-shirts,Men's T-shirts,Clothing and Accessories | Topwear | T-shirts | Men's T-shirts | NITYANAND CREATIONS Men's T-shirts,,,,0,0,0,20f2c7f6-baf8-54a3-98af-6ee624ebd3b2,01/01/24
26,325,"Men Solid Casual Green, Brown Shirt  (Pack of 2)",https://www.flipkart.com/men-solid-casual-green-brown-shirt/p/itmb6cc36e3a7d83,itmb6cc36e3a7d83,https://www.flipkart.com/product/p/itmb6cc36e3a7d83,898,INR,"₹1,499",40% off,False,,CLOTHDEPO,,,"[{'Pack of': '2'}, {'Sales Package': '2'}, {'Size': 'L'}, {'Style Code': 'C13/C3-L'}, {'Color': 'Green'}, {'Fabric': 'Cotton Blend'}, {'Pattern': 'Solid'}, {'Ideal For': 'Men'}, {'Occasion': 'Casual'}, {'Sleeve': 'Full Sleeve'}, {'Fit': 'Regular'}, {'Hem': 'Curved'}, {'Closure': 'Button'}, {'Ornamentation Type': 'Pocket Flap'}, {'Surface Styling': 'Pockets'}, {'Suitable For': 'Western Wear'}, {'Reversible': 'No'}, {'Fabric Care': 'Do not bleach'}, {'Net Quantity': '2'}]",2: Pack of | 2: Sales Package | L: Size | C13/C3-L: Style Code | Green: Color | Cotton Blend: Fabric | Solid: Pattern | Men: Ideal For | Casual: Occasion | Full Sleeve: Sleeve | Regular: Fit | Curved: Hem | Button: Closure | Pocket Flap: Ornamentation Type | Pockets: Surface Styling | Western Wear: Suitable For | No: Reversible | Do not bleach: Fabric Care | 2: Net Quantity,https://rukminim2.flixcart.com/image/xif0q/shopsy-shirt/w/1/o/xl-c13-c3-xl-exposegarments-original-imaghxzqf9kbqrhh.jpeg | https://rukminim2.flixcart.com/image/xif0q/shopsy-shirt/p/f/t/xl-c13-c3-xl-exposegarments-original-imaghxzqxqy98h3p.jpeg,3 Days Return Policy,Clothing and Accessories,Topwear,Shirts,Men's Shirts,Clothing and Accessories | Topwear | Shirts | Men's Shirts | Casual Shirts | exposegarments Casual Shirts,India,Shopsy Shirt,exposegarments,0,0,0,0c806cee-d4a4-509a-b316-4811d9ade2bc,01/01/24
27,333,BIGWHEEL,https://www.flipkart.com/bigwheels-multi-newspaper-print-girls-comfortable-lycra-spandex-lightly-non-wired-women-bralette-padded-bra/p/itm59fb66cd9b716,itm59fb66cd9b716,https://www.flipkart.com/product/p/itm59fb66cd9b716,539,INR,₹599,10% off,True,,KRSALESMART,3.8,,[],,https://rukminim2.flixcart.com/image/l2nmnww0/bra/3/m/g/lightly-padded-free-2-regular-no-regular-cwi0011-62-de-ultimate-original-imagdy77yqcgny7a.jpeg | https://rukminim2.flixcart.com/image/l2nmnww0/bra/c/v/h/lightly-padded-free-1-regular-no-regular-cwi0011-37-bigwheels-original-imagdy77u3jxys2b.jpeg | https://rukminim2.flixcart.com/image/l2nmnww0/bra/j/7/6/lightly-padded-free-1-regular-no-regular-cwi0011-37-bigwheels-original-imagdy77zzjbcbaz.jpeg | https://rukminim2.flixcart.com/image/l2nmnww0/bra/9/v/g/lightly-padded-free-1-regular-no-regular-cwi0011-37-bigwheels-original-imagdy77m4g4axqz.jpeg,10 Days Return Policy,Clothing and Accessories,Innerwear and Swimwear,Bras,Women's Bras,Clothing and Accessories | Innerwear and Swimwear | Bras | Women's Bras | BIGWHEEL Women's Bras,China,Bras,Not Applicable,0,0,0,49378bb2-d084-5640-b0b3-213a7118dd9e,01/01/24
28,352,AK Fashion,https://www.flipkart.com/ak-fashion-women-printed-a-line-kurta/p/itma710a43a37f4f,itma710a43a37f4f,https://www.flipkart.com/product/p/itma710a43a37f4f,499,INR,"₹1,499",66% off,True,,AKFashionMall,4.3,,[],,https://rukminim2.flixcart.com/image/xif0q/kurta/e/w/k/xl-sie-01-04-09-ak-fashion-original-imagntwbz8ghuygy.jpeg | https://rukminim2.flixcart.com/image/xif0q/kurta/o/x/l/xxl-sie-01-ak-fashion-original-imagnrgxnqpyax8y.jpeg | https://rukminim2.flixcart.com/image/xif0q/kurta/d/f/6/xl-sie-04-ak-fashion-original-imagnrgkyrcqcgcz.jpeg | https://rukminim2.flixcart.com/image/xif0q/kurta/g/d/i/xl-sie-04-ak-fashion-original-imagnrgksmf4fy3k.jpeg | https://rukminim2.flixcart.com/image/xif0q/kurta/d/k/8/s-sie-09-ak-fashion-original-imagnrgksnyfjhdg.jpeg | https://rukminim2.flixcart.com/image/xif0q/kurta/c/u/l/s-sie-09-ak-fashion-original-imagnrgkz2cqdhqf.jpeg,10 Days Return Policy,Clothing and Accessories,"Kurtas, Ethnic Sets and Bottoms",Kurtas,Women's Kurtas,"Clothing and Accessories | Kurtas, Ethnic Sets and Bottoms | Kurtas | Women's Kurtas | AK Fashion Women's Kurtas",India,Kurta,,0,0,0,3195b004-e865-5c29-85c2-4038a3d8cbe8,01/01/24
29,356,Dwitiya,https://www.flipkart.com/dwitiya-kids-cap/p/itm2589832d499cc,itm2589832d499cc,https://www.flipkart.com/product/p/itm2589832d499cc,393,INR,"₹1,199",67% off,True,,GoodLuckshop,4.5,,[],,,10 Days Return Policy,Clothing and Accessories,Clothing Accessories,Caps,Kids' Caps,Clothing and Accessories | Clothing Accessories | Caps | Kids' Caps | Dwitiya Kids' Caps,India,Kids Cap,,0,0,0,c1611e2f-8653-52af-bde6-097380f1ab96,01/01/24
30,424,Trendzino,https://www.flipkart.com/hi/trendzino-women-shapewear/p/itmfdb200d1874d7,itmfdb200d1874d7,https://www.flipkart.com/product/p/itmfdb200d1874d7,599,INR,₹799,25% off,True,,RhonniumTech,3.2,,[],,https://rukminim2.flixcart.com/image/ke7ff680/shapewear/x/p/f/xxl-mod-55-cami-shaper-comfort-layer-original-imafuy58uxxyyhqg.jpeg | https://rukminim2.flixcart.com/image/ke7ff680/shapewear/x/p/f/xxl-mod-55-cami-shaper-comfort-layer-original-imafuy59dn6bqzeg.jpeg,वापसी नहीं होगी ,Clothing and Accessories,Innerwear and Swimwear,Shapewears,Women's Shapewears,Clothing and Accessories | Innerwear and Swimwear | Shapewears | Women's Shapewears | Trendzino Women's Shapewears,,,,0,0,0,27dcbda9-a678-50a1-968c-ab55fae7df86,01/01/24
31,428,la Victoire,https://www.flipkart.com/hi/la-victoire-men-brief/p/itm79ee92014697e,itm79ee92014697e,https://www.flipkart.com/product/p/itm79ee92014697e,749,INR,"₹1,799",58% off,False,,Cloudmart India,3.3,,[],,https://rukminim2.flixcart.com/image/kle24cw0/brief/c/p/i/l-2-ml7107-la-victoire-original-imagyj523ztq2vw3.jpeg | https://rukminim2.flixcart.com/image/kle24cw0/brief/e/r/p/l-2-ml7107-la-victoire-original-imagyj52vnadgapj.jpeg,वापसी नहीं होगी ,Clothing and Accessories,Innerwear and Swimwear,Briefs and Trunks,Men's Briefs and Trunks,Clothing and Accessories | Innerwear and Swimwear | Briefs and Trunks | Men's Briefs and Trunks | la Victoire Men's Briefs and Trunks,,,,0,0,0,50532627-bae9-5317-aa95-251f5c412ffc,01/01/24
32,431,Money Leaf,https://www.flipkart.com/hi/money-leaf-color-block-men-round-neck-multicolor-t-shirt/p/itmcff698ac7a344,itmcff698ac7a344,https://www.flipkart.com/product/p/itmcff698ac7a344,499,INR,"₹1,099",54% off,True,,aadhyaenterprise,3.7,,[],,https://rukminim2.flixcart.com/image/kk8mcnk0/t-shirt/e/i/o/m-810-816-trendfull-original-imafzmr2gfkdkufy.jpeg | https://rukminim2.flixcart.com/image/kk8mcnk0/t-shirt/o/1/m/m-810-816-trendfull-original-imafzmr26cwrnhqw.jpeg | https://rukminim2.flixcart.com/image/kk8mcnk0/t-shirt/c/g/a/m-810-816-trendfull-original-imafzmr26u3zwmrx.jpeg | https://rukminim2.flixcart.com/image/kk8mcnk0/t-shirt/a/q/u/m-810-816-trendfull-original-imafzmr2tm9wthdf.jpeg,10 दिन की रिटर्न पॉलिसी,Clothing and Accessories,Topwear,T-shirts,Men's T-shirts,Clothing and Accessories | Topwear | T-shirts | Men's T-shirts | Money Leaf Men's T-shirts,,,,0,0,0,fdb46309-2e0b-528b-9983-1d62bb5c4cd1,01/01/24
33,434,UDNAG,https://www.flipkart.com/udnag-printed-women-round-neck-white-t-shirt/p/itm2897f6da3e17f,itm2897f6da3e17f,https://www.flipkart.com/product/p/itm2897f6da3e17f,459,INR,"₹1,999",77% off,False,,CERO,4.1,,[],,https://rukminim2.flixcart.com/image/ki4w0i80-0/t-shirt/y/p/u/m-zpod-cero-0002445-40-udnag-original-imafxzmdcs3gguct.jpeg | https://rukminim2.flixcart.com/image/k1v1h8w0/t-shirt/y/e/b/xxl-zpod-cero-0001024-xxl-udnag-original-imafkwrchwwyp2rv.jpeg | https://rukminim2.flixcart.com/image/ki4w0i80-0/t-shirt/y/q/n/m-zpod-cero-0002445-40-udnag-original-imafxzmdpmwmbch5.jpeg,10 Days Return Policy,Clothing and Accessories,Topwear,T-shirts,Women's T-shirts,Clothing and Accessories | Topwear | T-shirts | Women's T-shirts | UDNAG Women's T-shirts,India,T Shirts,,0,0,0,550cfee6-88c2-5503-b23d-9c2638376aea,01/01/24
34,453,Casual Solid Women Pink Top,https://www.flipkart.com/one-femme-casual-solid-women-pink-top/p/itm842e12ef7cdde,itm842e12ef7cdde,https://www.flipkart.com/product/p/itm842e12ef7cdde,359,INR,"₹1,700",78% off,False,,OneFemme,4.4,"This stylish top from One Femme is a must-have staple for any wardrobe. Featuring hidden placket, pleated collar, and bishop sleeves, this top will look trendy and comfortable all day long. Wear it with skinny jeans and block sandals, to make jaws drop and be the talk of the town. Approx Length: 22"" Fabric: Poly Crepe. Care Instruction : Wash warm - Cold rinse normal spin - Iron low heat - Premoisten cloth before iron.","[{'Color Code': 'Pink 02'}, {'Style Code': 'OFTPF096002'}, {'Size': 'XL'}, {'Fabric': 'Poly Crepe'}, {'Occasion': 'Casual'}, {'Neck': 'High Neck'}, {'Fabric Care': 'Wash warm - Cold rinse normal spin - Iron low heat - Premoisten cloth before iron.'}, {'Pattern': 'Solid'}, {'Suitable For': 'Western Wear'}, {'Hem': 'Straight'}, {'Fit': 'Regular'}, {'Net Quantity': '1'}, {'Length': 'Hip Length'}, {'Sales Package': '1 Top'}, {'Pack of': '1'}]",Pink 02: Color Code | OFTPF096002: Style Code | XL: Size | Poly Crepe: Fabric | Casual: Occasion | High Neck: Neck | Wash warm - Cold rinse normal spin - Iron low heat - Premoisten cloth before iron.: Fabric Care | Solid: Pattern | Western Wear: Suitable For | Straight: Hem | Regular: Fit | 1: Net Quantity | Hip Length: Length | 1 Top: Sales Package | 1: Pack of,,3 Days Replacement Policy,Clothing and Accessories,Topwear,Tops,Women's Tops,Clothing and Accessories | Topwear | Tops | Women's Tops | One Femme Women's Tops,India,Shopsy Top,,0,0,0,9c00ecdd-e353-5ddf-a9d9-7fcb51fa9de3,01/01/24
35,481,saver enterprses,https://www.flipkart.com/hi/saver-enterprses-women-full-coverage-lightly-padded-bra/p/itm85f12cee0b22f,itm85f12cee0b22f,https://www.flipkart.com/product/p/itm85f12cee0b22f,399,INR,₹899,55% off,True,,LUNAIN,3.4,,[],,https://rukminim2.flixcart.com/image/l3nco7k0/bra/e/m/g/lightly-padded-30b-1-regular-yes-regular-blue-bra-01-saver-original-imageqdzccdwqywf.jpeg | https://rukminim2.flixcart.com/image/l3nco7k0/bra/m/a/2/lightly-padded-30b-1-regular-yes-regular-blue-bra-01-saver-original-imageqdzyt5zx6c4.jpeg | https://rukminim2.flixcart.com/image/l3nco7k0/bra/b/f/o/lightly-padded-30b-1-regular-yes-regular-blue-bra-01-saver-original-imageqdzaxz6u7bf.jpeg,10 दिन की रिटर्न पॉलिसी,Clothing and Accessories,Innerwear and Swimwear,Bras,Women's Bras,Clothing and Accessories | Innerwear and Swimwear | Bras | Women's Bras | saver enterprses Women's Bras,,,,0,0,0,e4581bf7-a56b-51aa-a4d5-a5e1927e68d7,01/01/24
36,498,VAHSON,https://www.flipkart.com/vahson-women-embroidered-straight-kurta/p/itmcbf5395cb45da,itmcbf5395cb45da,https://www.flipkart.com/product/p/itmcbf5395cb45da,"1,229",INR,"₹2,299",46% off,True,,VSDN Enterprises,4.2,,[],,https://rukminim2.flixcart.com/image/xif0q/kurta/p/4/e/l-newckk05-vahson-original-imagh7gyt58vrmqx.jpeg | https://rukminim2.flixcart.com/image/xif0q/kurta/s/g/7/l-newckk05-vahson-original-imagh7gybt2cec7p.jpeg | https://rukminim2.flixcart.com/image/xif0q/kurta/n/b/j/l-newckk05-vahson-original-imagh7gyr3gnh5e4.jpeg | https://rukminim2.flixcart.com/image/xif0q/kurta/g/f/u/l-newckk05-vahson-original-imagh7gyf4r8a9jf.jpeg | https://rukminim2.flixcart.com/image/xif0q/kurta/u/t/4/l-newckk05-vahson-original-imagh7gyysxyvhx7.jpeg | https://rukminim2.flixcart.com/image/xif0q/kurta/k/r/c/l-newckk05-vahson-original-imagh7gychacvx9d.jpeg | https://rukminim2.flixcart.com/image/xif0q/kurta/m/v/y/l-newckk05-vahson-original-imagh7gyhs7jpkgw.jpeg,10 Days Return Policy,Clothing and Accessories,"Kurtas, Ethnic Sets and Bottoms",Kurtas,Women's Kurtas,"Clothing and Accessories | Kurtas, Ethnic Sets and Bottoms | Kurtas | Women's Kurtas | VAHSON Women's Kurtas",India,Kurta,,5,0,8,d0efbaf5-ef7c-56cd-89cf-b725be911350,01/01/24
37,509,Allen Solly,https://www.flipkart.com/hi/allen-solly-baby-girls-casual-dress-hair-band/p/itmfe4729e4e79d6,itmfe4729e4e79d6,https://www.flipkart.com/product/p/itmfe4729e4e79d6,"1,214",INR,"₹2,699",55% off,True,,Westbury Stores,2.8,,[],,https://rukminim2.flixcart.com/image/xif0q/kids-dress/m/b/9/3-6-months-aigdrcrgfs27103-allen-solly-original-imagjevbe3ahuskv.jpeg | https://rukminim2.flixcart.com/image/xif0q/kids-dress/w/t/u/3-6-months-aigdrcrgfs27103-allen-solly-original-imagjevb4gxfsbum.jpeg | https://rukminim2.flixcart.com/image/xif0q/kids-dress/m/h/v/3-6-months-aigdrcrgfs27103-allen-solly-original-imagjevbgntqbq3s.jpeg | https://rukminim2.flixcart.com/image/xif0q/kids-dress/5/g/o/3-6-months-aigdrcrgfs27103-allen-solly-original-imagjevbhrspqcgb.jpeg | https://rukminim2.flixcart.com/image/xif0q/kids-dress/t/s/p/3-6-months-aigdrcrgfs27103-allen-solly-original-imagjevbgp6jbzgy.jpeg,10 दिन की रिटर्न पॉलिसी,Clothing and Accessories,Kids' Combos and Costumes,Kids' Apparel Combos,Allen Solly Kids' Apparel Combos,Clothing and Accessories | Kids' Combos and Costumes | Kids' Apparel Combos | Allen Solly Kids' Apparel Combos,,,,0,0,0,68162541-1171-516c-9b53-6b3b34d9c465,01/01/24
38,522,KEYCHO FASHION,https://www.flipkart.com/keycho-fashion-self-design-banarasi-art-silk-saree/p/itm56c426a0742ab,itm56c426a0742ab,https://www.flipkart.com/product/p/itm56c426a0742ab,889,INR,"₹1,979",55% off,True,,SNEHSYNTHETICS,4.5,,[],,https://rukminim2.flixcart.com/image/xif0q/sari/l/z/p/free-coper-keri-22-blue-keycho-fashion-unstitched-original-imagm2mffdugmnbq.jpeg | https://rukminim2.flixcart.com/image/xif0q/sari/l/e/y/free-coper-keri-22-blue-keycho-fashion-unstitched-original-imagm2mfxavgjvpa.jpeg | https://rukminim2.flixcart.com/image/xif0q/sari/u/q/g/free-coper-keri-22-blue-keycho-fashion-unstitched-original-imagm2mfmjcgb7ku.jpeg | https://rukminim2.flixcart.com/image/xif0q/sari/w/c/i/free-coper-keri-22-blue-keycho-fashion-unstitched-original-imagm2mfnabvgypw.jpeg | https://rukminim2.flixcart.com/image/xif0q/sari/6/m/e/free-coper-keri-22-blue-keycho-fashion-unstitched-original-imagm2mfhg7ybzbg.jpeg | https://rukminim2.flixcart.com/image/xif0q/sari/k/p/r/free-coper-keri-22-blue-keycho-fashion-unstitched-original-imagm2mfrzb4runr.jpeg | https://rukminim2.flixcart.com/image/xif0q/sari/d/j/e/free-coper-keri-22-blue-keycho-fashion-unstitched-original-imagm2mfwpq9dzcj.jpeg,10 Days Return Policy,Clothing and Accessories,Sarees and Saree Essentials,Sarees,Women's Sarees,Clothing and Accessories | Sarees and Saree Essentials | Sarees | Women's Sarees | KEYCHO FASHION Women's Sarees,India,Sari,KEYCHO FASHION,0,0,0,8a565e2c-76a4-501b-99a4-be97e44f1e2c,01/01/24
39,526,COUNTRYSIDEQUEEN,https://www.flipkart.com/countrysidequeen-women-printed-flared-kurta/p/itma39630e827449,itma39630e827449,https://www.flipkart.com/product/p/itma39630e827449,495,INR,"₹1,599",69% off,True,,CSQUEEN,3.2,,[],,https://rukminim2.flixcart.com/image/k7285u80/kurta/v/x/a/xxl-rf1035-rachna-fashion-original-imafpeykhdr2qzag.jpeg | https://rukminim2.flixcart.com/image/k7285u80/kurta/v/x/a/xl-rf1035-rachna-fashion-original-imafpeykgduchquk.jpeg | https://rukminim2.flixcart.com/image/k7285u80/kurta/v/x/a/l-rf1035-rachna-fashion-original-imafpeykv7gwrcxy.jpeg | https://rukminim2.flixcart.com/image/k7285u80/kurta/v/x/a/xl-rf1035-rachna-fashion-original-imafpeykfpm4dmcj.jpeg | https://rukminim2.flixcart.com/image/k7285u80/kurta/v/x/a/xl-rf1035-rachna-fashion-original-imafpeykzr7w5kfj.jpeg,10 Days Return Policy,Clothing and Accessories,"Kurtas, Ethnic Sets and Bottoms",Kurtas,Women's Kurtas,"Clothing and Accessories | Kurtas, Ethnic Sets and Bottoms | Kurtas | Women's Kurtas | COUNTRYSIDEQUEEN Women's Kurtas",India,Kurta,,0,0,0,cc2646aa-7cad-59d6-a608-f07740937119,01/01/24
40,528,APARA Alloy Cufflink Set  (Gold),https://www.flipkart.com/hi/apara-alloy-cufflink-set/p/itm474137eb10dee,itm474137eb10dee,https://www.flipkart.com/product/p/itm474137eb10dee,399,INR,"₹2,200",81% off,True,"Designed For: Men, Boys | Made of Alloy",APARA,4.2,Apara brings you a range of Mens Jewellery and accessories with fine quality and a range for all Men. The Cufflinks are in different finish for different Occasion . The perfect Gold plated for the Big Occasion and Gifting and the Steel finish for the Corporate Look. The Cufflinks are well packed in the storage box that can be perfect gift for someone you love. These cufflinks can add spunk to someone's look. Cufflinks are usually very formal but these cufflinks could be worn in a less formal/casual setting as well. The right Cufflinks not only adds to your personality but also adds to the entire look of the wardrobe. A must have for Men.,[],,https://rukminim2.flixcart.com/image/xif0q/cufflink-tie-pin/2/v/2/gold-plated-cufflinks-gifting-set-for-men-locking-cufflink-original-imaggbvv8zdwxjvy.jpeg | https://rukminim2.flixcart.com/image/krme93k0/cufflink-tie-pin/p/7/o/gold-plated-cufflinks-gifting-set-for-men-locking-cufflink-original-imafeyefzfpzeqv8.jpeg,10 दिन की रिटर्न पॉलिसी,Clothing and Accessories,Clothing Accessories,Ties and Cufflinks,Men's Neck Ties and Cufflinks,Clothing and Accessories | Clothing Accessories | Ties and Cufflinks | Men's Neck Ties and Cufflinks | APARA Men's Neck Ties and Cufflinks,,,,0,0,0,492c2b86-7caa-5ef4-af8a-69b7a4c08bfc,01/01/24
41,530,Studioninety,https://www.flipkart.com/studioninety-unisex-shapewear/p/itm05e82994680b1,itm05e82994680b1,https://www.flipkart.com/product/p/itm05e82994680b1,572,INR,"₹1,499",61% off,True,,REBELICA,3.3,,[],,https://rukminim2.flixcart.com/image/ke8uv0w0/shapewear/x/e/y/3xl-vxi-10-waist-thigh-belt-comfort-layer-original-imafuz9zsbmufdz8.jpeg | https://rukminim2.flixcart.com/image/ke7ff680/shapewear/a/a/8/3xl-vxi-14-waist-thigh-belt-comfort-layer-original-imafuxsxgzeattfg.jpeg | https://rukminim2.flixcart.com/image/ke7ff680/shapewear/w/m/u/xl-arx-7-waist-thigh-belt-comfort-layer-original-imafuxtyz9vkuy9f.jpeg | https://rukminim2.flixcart.com/image/ke7ff680/shapewear/r/j/y/s-rdx-15-waist-thigh-belt-comfort-layer-original-imafuxtfpzsdgppb.jpeg | https://rukminim2.flixcart.com/image/ke7ff680/shapewear/w/m/u/xl-arx-7-waist-thigh-belt-comfort-layer-original-imafuxsz3fhucfkm.jpeg,No Returns Applicable,Clothing and Accessories,Innerwear and Swimwear,Shapewears,Women's Shapewears,Clothing and Accessories | Innerwear and Swimwear | Shapewears | Women's Shapewears | Studioninety Women's Shapewears,India,Shapewears,Studio Ninety,0,0,0,424a5263-f1f3-5ac8-8972-d107a33f7f1d,01/01/24
42,534,Sports Men Multicolor T-Shirt  (Pack of 2),https://www.flipkart.com/hi/sports-men-multicolor-t-shirt/p/itmc3c2641de5ffc,itmc3c2641de5ffc,https://www.flipkart.com/product/p/itmc3c2641de5ffc,299,INR,"₹1,999",85% off,False,,HAV2 APPARELS,,Men's Collar Polo t-shirt Polyester Dry Fit quality for easy to use summer wear. Trendy and casual clothing that will enhance your look and you will feel better. Best quality at the best price from the house of Cottsberry brand.,"[{'Color': 'Multicolor'}, {'Type': 'Collared Neck'}, {'Sleeve': 'Half Sleeve'}, {'Fit': 'Regular'}, {'Fabric': 'Polyester'}, {'Style Code': 'SHCB-FZ-BL-S'}, {'Neck Type': 'Collared Neck'}, {'Ideal For': 'Men'}, {'Size': 'M'}, {'Pattern': 'Sports'}, {'Suitable For': 'Western Wear'}, {'Sleeve Type': 'Wide'}, {'Reversible': 'No'}, {'Secondary Color': 'Multicolor'}, {'Fabric Care': 'Regular Machine Wash'}, {'Net Quantity': '2'}, {'Pack of': '2'}]",Multicolor: Color | Collared Neck: Type | Half Sleeve: Sleeve | Regular: Fit | Polyester: Fabric | SHCB-FZ-BL-S: Style Code | Collared Neck: Neck Type | Men: Ideal For | M: Size | Sports: Pattern | Western Wear: Suitable For | Wide: Sleeve Type | No: Reversible | Multicolor: Secondary Color | Regular Machine Wash: Fabric Care | 2: Net Quantity | 2: Pack of,https://rukminim2.flixcart.com/image/kkvhea80/t-shirt/s/z/l/m-na-cottesberry-original-imagy4g73thzsze7.jpeg | https://rukminim2.flixcart.com/image/kkr72q80/t-shirt/c/o/w/l-na-cottsberry-original-imagyf3uxajzhbgm.jpeg | https://rukminim2.flixcart.com/image/kkmwr680/t-shirt/t/x/d/m-na-cottsberry-original-imafzxu5e6gruhva.jpeg | https://rukminim2.flixcart.com/image/kkmwr680/t-shirt/y/l/o/m-na-cottsberry-original-imafzxu5cqhgyqjr.jpeg | https://rukminim2.flixcart.com/image/kkmwr680/t-shirt/l/s/5/m-na-cottsberry-original-imafzxu5zkjw9g2h.jpeg,3 Days Return Policy,Clothing and Accessories,Topwear,T-shirts,Men's T-shirts,Clothing and Accessories | Topwear | T-shirts | Men's T-shirts | Cottsberry Men's T-shirts,,,,0,0,0,8f33da52-e454-5ad3-bfd5-9b8e41ff737e,01/01/24
43,536,INTEGRITI,https://www.flipkart.com/integriti-full-sleeve-printed-men-sweatshirt/p/itm1625bdd098945,itm1625bdd098945,https://www.flipkart.com/product/p/itm1625bdd098945,984,INR,"₹3,199",69% off,True,,RetailNet,4.8,,[],,https://rukminim2.flixcart.com/image/kuyf8nk0/sweatshirt/t/o/l/m-play-ss-255-o-integriti-original-imag7yhwkbqemysv.jpeg | https://rukminim2.flixcart.com/image/kuyf8nk0/sweatshirt/t/o/l/m-play-ss-255-o-integriti-original-imag7yhwkbqemysv.jpeg | https://rukminim2.flixcart.com/image/kuyf8nk0/sweatshirt/q/q/l/m-play-ss-255-o-integriti-original-imag7yhw5ckht84g.jpeg | https://rukminim2.flixcart.com/image/kuyf8nk0/sweatshirt/v/j/i/m-play-ss-255-o-integriti-original-imag7yhwnrr5ehvm.jpeg | https://rukminim2.flixcart.com/image/kuyf8nk0/sweatshirt/i/1/c/m-play-ss-255-o-integriti-original-imag7yhwkv5a77mg.jpeg | https://rukminim2.flixcart.com/image/kuyf8nk0/sweatshirt/9/e/n/m-play-ss-255-o-integriti-original-imag7yhwacy9hzbw.jpeg | https://rukminim2.flixcart.com/image/kuyf8nk0/sweatshirt/a/e/4/m-play-ss-255-o-integriti-original-imag7yhwrndgpuzx.jpeg | https://rukminim2.flixcart.com/image/kuyf8nk0/sweatshirt/m/5/7/m-play-ss-255-o-integriti-original-imag7yhw9u7tgbj3.jpeg,10 days return policy,Clothing and Accessories,Winter Wear,Sweatshirts,Men's Sweatshirts,Clothing and Accessories | Winter Wear | Sweatshirts | Men's Sweatshirts | INTEGRITI Men's Sweatshirts,,Sweatshirts,,2.3,0,4,b1d38c30-b3a0-5e08-ab1d-00cd81d3cf2f,01/01/24
44,538,QUIN FLETCHER,https://www.flipkart.com/hi/quin-fletcher-color-block-women-round-neck-multicolor-t-shirt/p/itmd9524b74c1f19,itmd9524b74c1f19,https://www.flipkart.com/product/p/itmd9524b74c1f19,949,INR,"₹1,999",52% off,True,,Rakshita,3.9,,[],,https://rukminim2.flixcart.com/image/kpmy8i80/t-shirt/j/p/c/xxl-wmn-long-tshirt-3combo-328-331-332-quin-fletcher-original-imag3tr5fypkgdb6.jpeg | https://rukminim2.flixcart.com/image/kpedle80/t-shirt/v/r/e/3xl-wmn-long-tshirt-328-babypink-christy-world-original-imag3mzftzajzzsf.jpeg | https://rukminim2.flixcart.com/image/kpedle80/t-shirt/j/1/8/3xl-wmn-long-tshirt-328-babypink-christy-world-original-imag3mzfpfnayz2y.jpeg | https://rukminim2.flixcart.com/image/kppt47k0/night-dress-nighty/5/u/h/m-wmn-nightwear-2combo-331-334-quin-fletcher-original-imag3mzynsqwadz7.jpeg | https://rukminim2.flixcart.com/image/kpedle80/t-shirt/s/0/g/3xl-wmn-long-tshirt-332-black-christy-world-original-imag3mzyxcyjnyzz.jpeg,10 दिन की रिटर्न पॉलिसी,Clothing and Accessories,Topwear,T-shirts,Women's T-shirts,Clothing and Accessories | Topwear | T-shirts | Women's T-shirts | QUIN FLETCHER Women's T-shirts,,,,0,0,0,bedafe19-2131-5fa7-bc3d-37971bb36887,01/01/24
45,539,HASHBEAN,https://www.flipkart.com/hi/hashbean-unisex-peds-footie-no-show/p/itm95666560afa36,itm95666560afa36,https://www.flipkart.com/product/p/itm95666560afa36,199,INR,₹599,66% off,True,,HashBeanRetail,3.8,,[],,,वापसी नहीं होगी ,Clothing and Accessories,Clothing Accessories,Socks,Men's and Women's Socks,Clothing and Accessories | Clothing Accessories | Socks | Men's and Women's Socks | HASHBEAN Men's and Women's Socks,,,,0,0,0,cf507f9c-f083-5821-8561-302fbef80d30,01/01/24
46,549,Tivy,https://www.flipkart.com/tivy-solid-men-polo-neck-multicolor-t-shirt/p/itme9c75fe8d136d,itme9c75fe8d136d,https://www.flipkart.com/product/p/itme9c75fe8d136d,997,INR,"₹2,997",66% off,True,,Tivy Fashion,3.5,,[],,https://rukminim2.flixcart.com/image/kn3i1zk0/t-shirt/3/q/p/s-f4u-537-528-550-jangoboy-original-imagfuqfhgbzmcew.jpeg | https://rukminim2.flixcart.com/image/kkoc70w0/t-shirt/z/w/8/s-r-be-537-behemoth-original-imafzz6m6t3nhhab.jpeg | https://rukminim2.flixcart.com/image/kkoc70w0/t-shirt/d/p/x/s-r-be-537-behemoth-original-imafzz6my6ycmx6u.jpeg | https://rukminim2.flixcart.com/image/kkoc70w0/t-shirt/q/6/b/s-r-be-528-behemoth-original-imafzz6mb2suqzgx.jpeg | https://rukminim2.flixcart.com/image/kkoc70w0/t-shirt/b/r/1/s-r-be-528-behemoth-original-imafzz6mrzvv3jza.jpeg | https://rukminim2.flixcart.com/image/kkoc70w0/t-shirt/k/r/v/m-r-be-550-behemoth-original-imafzz6mrnb8wzj3.jpeg | https://rukminim2.flixcart.com/image/kkoc70w0/t-shirt/n/8/f/m-r-be-550-behemoth-original-imafzz6mzhbv7gzg.jpeg,10 Days Return Policy,Clothing and Accessories,Topwear,T-shirts,Men's T-shirts,Clothing and Accessories | Topwear | T-shirts | Men's T-shirts | Tivy Men's T-shirts,India,T Shirts,,0,0,0,b8d6370e-6f4d-594b-8b86-1fba3e57ffdb,01/01/24
47,570,Women Floral Print Kurta  (Green),https://www.flipkart.com/hi/women-floral-print-kurta/p/itm2a965c08149e3,itm2a965c08149e3,https://www.flipkart.com/product/p/itm2a965c08149e3,559,INR,"₹1,899",70% off,False,,PURVIJAIPUR,3.3,,"[{'Color': 'Green'}, {'Color Code': 'Green'}, {'Type': 'Anarkali'}, {'fabric': 'Pure Cotton'}, {'Ideal For': 'Women'}, {'Length Type': 'Below Knee'}, {'Neck Type': 'Round Neck'}, {'size': 'XXL'}, {'Net Quantity': '1'}, {'Detail Placement': 'All - Over'}, {'Fabric Care': 'First wash dry clean thereafter handwash'}, {'Fabric Purity': 'Pure'}, {'Occasion': 'Festive & Party'}, {'Ornamentation Type': 'Mirror Work'}, {'Pattern': 'Floral Print'}, {'Print Type': 'Floral'}, {'Sleeve Style': 'Regular Sleeves'}, {'Sleeve Type': '3/4 Sleeve'}, {'Suitable For': 'Ethnic Wear'}, {'Surface Styling': 'None'}]",Green: Color | Green: Color Code | Anarkali: Type | Pure Cotton: fabric | Women: Ideal For | Below Knee: Length Type | Round Neck: Neck Type | XXL: size | 1: Net Quantity | All - Over: Detail Placement | First wash dry clean thereafter handwash: Fabric Care | Pure: Fabric Purity | Festive & Party: Occasion | Mirror Work: Ornamentation Type | Floral Print: Pattern | Floral: Print Type | Regular Sleeves: Sleeve Style | 3/4 Sleeve: Sleeve Type | Ethnic Wear: Suitable For | None: Surface Styling,https://rukminim2.flixcart.com/image/xif0q/shopsy-kurta/h/y/a/xxl-sw216green-purwi-original-imagj5w2gvswghef.jpeg | https://rukminim2.flixcart.com/image/xif0q/shopsy-kurta/0/d/k/xxl-sw216green-purwi-original-imagj5w2h6bng7hy.jpeg | https://rukminim2.flixcart.com/image/xif0q/shopsy-kurta/y/h/0/xxl-sw216green-purwi-original-imagj5w2pdhhtcvs.jpeg | https://rukminim2.flixcart.com/image/xif0q/shopsy-kurta/g/f/c/xxl-sw216green-purwi-original-imagj5w2xxgpycny.jpeg,3 Days Return Policy,Clothing and Accessories,"Kurtas, Ethnic Sets and Bottoms",Kurtas,Women's Kurtas,"Clothing and Accessories | Kurtas, Ethnic Sets and Bottoms | Kurtas | Women's Kurtas | Purwi Women's Kurtas",,,,0,0,0,cbd30664-7c3c-5a20-a1f8-73c47c88510c,01/01/24
48,583,Money Leaf,https://www.flipkart.com/money-leaf-solid-men-round-neck-gold-black-t-shirt/p/itm4ff97231f34c8,itm4ff97231f34c8,https://www.flipkart.com/product/p/itm4ff97231f34c8,449,INR,"₹1,099",59% off,True,,aadhyaenterprise,3.7,,[],,https://rukminim2.flixcart.com/image/xif0q/t-shirt/i/f/6/m-1253-1262-tfurnish-original-imaggtwgrheazgnv.jpeg | https://rukminim2.flixcart.com/image/xif0q/t-shirt/u/k/1/m-1253-1262-tfurnish-original-imaggtwgqs3kjse4.jpeg | https://rukminim2.flixcart.com/image/xif0q/t-shirt/u/n/j/m-1253-1262-tfurnish-original-imaggtwgxmyywgg2.jpeg | https://rukminim2.flixcart.com/image/xif0q/t-shirt/v/r/p/m-1253-1262-tfurnish-original-imaggtwgb7zcsxec.jpeg,10 Days Return Policy,Clothing and Accessories,Topwear,T-shirts,Men's T-shirts,Clothing and Accessories | Topwear | T-shirts | Men's T-shirts | Money Leaf Men's T-shirts,India,T Shirts,,0,0,0,32a6a84f-787f-508e-a4b9-6036cf6123fa,01/01/24
49,586,Vogi,https://www.flipkart.com/vogi-printed-women-multicolor-tights/p/itmc2cd1ad1b6926,itmc2cd1ad1b6926,https://www.flipkart.com/product/p/itmc2cd1ad1b6926,949,INR,"₹1,399",32% off,False,,VogiBasics,3.8,,[],,https://rukminim2.flixcart.com/image/xif0q/tight/d/o/k/m-vgtgm02-m-vogi-original-imaggdxf5hzrdjyp.jpeg | https://rukminim2.flixcart.com/image/xif0q/tight/i/b/u/l-vgtgb03-l-vogi-original-imaggdxfdw8egsg6.jpeg | https://rukminim2.flixcart.com/image/xif0q/tight/v/k/h/xl-vgtgp04-xl-vogi-original-imaggdxfd6nzyhjv.jpeg | https://rukminim2.flixcart.com/image/xif0q/tight/q/u/i/xl-vgtgp04-xl-vogi-original-imaggdxfb4waahyh.jpeg | https://rukminim2.flixcart.com/image/xif0q/tight/4/b/o/l-vgtgb03-l-vogi-original-imaggdxfehwujzfy.jpeg,10 Days Return Policy,Clothing and Accessories,Bottomwear,Tights,Women's Tights,Clothing and Accessories | Bottomwear | Tights | Women's Tights | Vogi Women's Tights,India,Tights,,0,0,0,2b3d3e0d-49f7-5eae-9926-4a7ea283b6a9,01/01/24
50,592,Ancientt,https://www.flipkart.com/hi/ancientt-checkered-men-boxer/p/itm2a82f111c07af,itm2a82f111c07af,https://www.flipkart.com/product/p/itm2a82f111c07af,237,INR,₹799,70% off,True,,DIVASENTERPRISE,3.9,,[],,https://rukminim2.flixcart.com/image/kydb3ww0/boxer/y/l/p/xxl-2-227anci-multicolor-2pc-ancientt-original-imagahzjtyxryrrh.jpeg | https://rukminim2.flixcart.com/image/kydb3ww0/boxer/z/8/q/28-3-157anci-multicolor-3pc-ancientt-original-imagahzgdkmjfhuf.jpeg,वापसी नहीं होगी ,Clothing and Accessories,Innerwear and Swimwear,Boxers,Men's Boxers,Clothing and Accessories | Innerwear and Swimwear | Boxers | Men's Boxers | Ancientt Men's Boxers,,,,0,0,0,54a3ab59-ac00-5800-85de-4b3f46c9b5f1,01/01/24
51,598,Casual Women Red Top,https://www.flipkart.com/hi/casual-embellished-women-red-top/p/itm3c62769dd1c5a,itm3c62769dd1c5a,https://www.flipkart.com/product/p/itm3c62769dd1c5a,489,INR,"₹1,399",65% off,False,,SASSAFRAS,4.3,,"[{'Color Code': 'Red'}, {'Style Code': 'S_SFTOPS40371'}, {'Size': 'S'}, {'Fabric': 'Polyester'}, {'Occasion': 'Casual'}, {'Suitable For': 'Western Wear'}, {'Hem': 'Straight'}, {'Fit': 'Regular'}, {'Net Quantity': '1'}, {'Length': 'Hip Length'}, {'Pack of': '1'}]",Red: Color Code | S_SFTOPS40371: Style Code | S: Size | Polyester: Fabric | Casual: Occasion | Western Wear: Suitable For | Straight: Hem | Regular: Fit | 1: Net Quantity | Hip Length: Length | 1: Pack of,https://rukminim2.flixcart.com/image/kwpam4w0/top/u/7/v/s-sftops40371-sassafras-original-imag9bffhgwx7s9m.jpeg | https://rukminim2.flixcart.com/image/kwpam4w0/top/e/7/v/s-sftops40371-sassafras-original-imag9bff98v6cezk.jpeg | https://rukminim2.flixcart.com/image/kwpam4w0/top/v/i/g/s-sftops40371-sassafras-original-imag9bffgm6mttfu.jpeg | https://rukminim2.flixcart.com/image/kwpam4w0/top/7/d/q/s-sftops40371-sassafras-original-imag9bffsrbph4gt.jpeg,3 Days Replacement Policy,Clothing and Accessories,Topwear,Tops,Women's Tops,Clothing and Accessories | Topwear | Tops | Women's Tops | SASSAFRAS Women's Tops,,,,0,0,0,5810f89b-13e2-520a-b783-fd9a33a00a91,01/01/24
52,611,KAYU,https://www.flipkart.com/hi/kayu-legging-girls/p/itme6b061fb6a28f,itme6b061fb6a28f,https://www.flipkart.com/product/p/itme6b061fb6a28f,972,INR,"₹1,699",42% off,True,,KAYU,3.5,,[],,https://rukminim2.flixcart.com/image/kusph8w0/kids-legging/d/y/k/8-9-years-7140001020351-iw-iw-kk-g-p5-32-indiweaves-original-imag7u538ezkzcgh.jpeg | https://rukminim2.flixcart.com/image/kusph8w0/kids-legging/l/u/m/15-16-years-7140113-iw-iw-kk-g-p2-40-indiweaves-original-imag7u4zcf76csjs.jpeg | https://rukminim2.flixcart.com/image/kusph8w0/kids-legging/w/r/v/7-8-years-714010212-iw-iw-kk-g-p3-30a-indiweaves-original-imag7u5fghzjg3cn.jpeg | https://rukminim2.flixcart.com/image/kusph8w0/kids-legging/b/b/e/9-10-years-7140307-iw-iw-kk-g-p2-32a-indiweaves-original-imag7u5f9dw8mkzb.jpeg | https://rukminim2.flixcart.com/image/kusph8w0/kids-legging/z/o/b/11-12-years-7140851-iw-iw-kk-g-p2-34a-indiweaves-original-imag7u4mhuzs92gc.jpeg,10 दिन की रिटर्न पॉलिसी,Clothing and Accessories,"Kurtas, Ethnic Sets and Bottoms",Leggings and Churidars,Kids' Leggings and Churidars,"Clothing and Accessories | Kurtas, Ethnic Sets and Bottoms | Leggings and Churidars | Kids' Leggings and Churidars | KAYU Kids' Leggings and Churidars",,,,0,0,0,6cf734a8-a441-5060-827f-00dbb84da732,01/01/24
53,620,Boodbuck,https://www.flipkart.com/boodbuck-printed-men-round-neck-dark-blue-maroon-black-t-shirt/p/itm98ba4f8539209,itm98ba4f8539209,https://www.flipkart.com/product/p/itm98ba4f8539209,990,INR,"₹2,999",66% off,True,,IndianOnliners,4.3,,[],,https://rukminim2.flixcart.com/image/xif0q/t-shirt/d/6/y/l-pp3-321-001-45-new-l-boodbuck-original-imaggxffkyd7qytk.jpeg | https://rukminim2.flixcart.com/image/l3929ow0/t-shirt/h/q/1/l-pp3-729-125-691-new-l-boodbuck-original-imageew4nkhwgueg.jpeg | https://rukminim2.flixcart.com/image/l3929ow0/t-shirt/h/1/a/l-pp3-729-123-321-new-l-boodbuck-original-imageew4z52k2dj8.jpeg | https://rukminim2.flixcart.com/image/l3929ow0/t-shirt/2/k/i/xxl-pp3-729-001-134-new-xxl-boodbuck-original-imageew45g3z9esr.jpeg | https://rukminim2.flixcart.com/image/l4ei1e80/shopsy-t-shirt/2/s/u/xl-so-single-45-xl-boodbuck-original-imagfb7etas6gycp.jpeg,10 Days Return Policy,Clothing and Accessories,Topwear,T-shirts,Men's T-shirts,Clothing and Accessories | Topwear | T-shirts | Men's T-shirts | Boodbuck Men's T-shirts,India,T Shirts,INDIAN ONLINERS,0,0,0,5f6f34bd-9482-5076-a05a-75fe651475b2,01/01/24
54,623,BE AWARA,https://www.flipkart.com/awara-solid-women-round-neck-pink-t-shirt/p/itm77e1a720dd0fc,itm77e1a720dd0fc,https://www.flipkart.com/product/p/itm77e1a720dd0fc,399,INR,₹699,42% off,False,,Be Awara,3.5,,[],,https://rukminim2.flixcart.com/image/kokdci80/t-shirt/4/f/a/xl-frnhs-bp-1p-xl-be-awara-original-imag3y6eabzqujtz.jpeg | https://rukminim2.flixcart.com/image/kokdci80/t-shirt/g/3/n/m-frnhs-bp-1p-m-be-awara-original-imag3y6e9zw9x9zb.jpeg | https://rukminim2.flixcart.com/image/kokdci80/t-shirt/g/f/j/m-frnhs-bp-1p-m-be-awara-original-imag3y6ea7pjqcvu.jpeg | https://rukminim2.flixcart.com/image/kokdci80/t-shirt/b/u/5/m-frnhs-bp-1p-m-be-awara-original-imag3y6ezbbhzvqa.jpeg | https://rukminim2.flixcart.com/image/kokdci80/t-shirt/0/w/a/xl-frnhs-bp-1p-xl-be-awara-original-imag3y6ekguyhznt.jpeg | https://rukminim2.flixcart.com/image/kokdci80/t-shirt/1/7/j/m-frnhs-bp-1p-m-be-awara-original-imag3y6ezzydgykh.jpeg,10 Days Return Policy,Clothing and Accessories,Topwear,T-shirts,Women's T-shirts,Clothing and Accessories | Topwear | T-shirts | Women's T-shirts | BE AWARA Women's T-shirts,India,T Shirts,,4.3,0,10,67a3c95a-9d12-5072-bb77-e0c96f169b5a,01/01/24
55,630,khoosanta,https://www.flipkart.com/hi/khoosanta-digital-print-daily-wear-georgette-saree/p/itm1bbeb71d5d25f,itm1bbeb71d5d25f,https://www.flipkart.com/product/p/itm1bbeb71d5d25f,499,INR,₹999,50% off,False,,Khoosanta,,,[],,https://rukminim2.flixcart.com/image/kxjav0w0/sari/r/n/a/free-vasat9-lava-creation-unstitched-original-imag9y6xjhzchp9p.jpeg | https://rukminim2.flixcart.com/image/kxjav0w0/sari/v/h/f/free-vasat9-lava-creation-unstitched-original-imag9y6xn6dqwbeq.jpeg | https://rukminim2.flixcart.com/image/kxjav0w0/sari/b/u/m/free-vasat9-lava-creation-unstitched-original-imag9y6xhpathxag.jpeg | https://rukminim2.flixcart.com/image/kxjav0w0/sari/m/w/y/free-vasat9-lava-creation-unstitched-original-imag9y6xauhzjkyg.jpeg | https://rukminim2.flixcart.com/image/kxjav0w0/sari/v/w/z/free-vasat9-lava-creation-unstitched-original-imag9y6xjszaktum.jpeg,10 दिन की रिटर्न पॉलिसी,Clothing and Accessories,Sarees and Saree Essentials,Sarees,Women's Sarees,Clothing and Accessories | Sarees and Saree Essentials | Sarees | Women's Sarees | khoosanta Women's Sarees,,,,0,0,0,a86f8cfd-6cf9-5c6d-8dfb-11a54cb0e0b1,01/01/24
56,631,Sanganeri Print,https://www.flipkart.com/hi/sanganeri-print-printed-color-block-blocked-floral-print-dyed-daily-wear-pure-cotton-saree/p/itm41291603ec06b,itm41291603ec06b,https://www.flipkart.com/product/p/itm41291603ec06b,695,INR,"₹3,999",82% off,True,,SanganeriPrintFactory,4.6,,[],,,10 दिन की रिटर्न पॉलिसी,Clothing and Accessories,Sarees and Saree Essentials,Sarees,Women's Sarees,Clothing and Accessories | Sarees and Saree Essentials | Sarees | Women's Sarees | Sanganeri Print Women's Sarees,,,,0,0,0,3bd5929c-8023-5095-9f48-0e45d1adff70,01/01/24